日期+Q3A1:CO30,0:00,0:15,0:30,0:45,1:00,1:15,1:30,1:45,2:00,2:15,2:30,2:45,3:00,3:15,3:30,3:45,4:00,4:15,4:30,4:45,5:00,5:15,5:30,5:45,6:00,6:15,6:30,6:45,7:00,7:15,7:30,7:45,8:00,8:15,8:30,8:45,9:00,9:15,9:30,9:45,10:00,10:15,10:30,10:45,11:00,11:15,11:30,11:45,12:00,12:15,12:30,12:45,13:00,13:15,13:30,13:45,14:00,14:15,14:30,14:45,15:00,15:15,15:30,15:45,16:00,16:15,16:30,16:45,17:00,17:15,17:30,17:45,18:00,18:15,18:30,18:45,19:00,19:15,19:30,19:45,20:00,20:15,20:30,20:45,21:00,21:15,21:30,21:45,22:00,22:15,22:30,22:45,23:00,23:15,23:30,23:45,日平均负荷,日最高负荷,日最低负荷,日类型,low,hih,avag
2002/11/1,1392.110962,1438.94397,1463.214966,1366.860962,1402.061035,1349.322021,1407.417969,1387.376953,1340.629028,1331.873047,1334.36499,1294.81897,1372.651001,1323.767944,1322.432983,1293.891968,1288.024048,1307.677002,1302.063965,1306.782959,1344.057007,1296.373047,1378.277954,1410.162964,1412.991943,1461.343994,1464.130981,1472.597046,1468.777954,1504.185059,1515.714966,1561.910034,1635.717041,1676.006958,1701.636963,1779.754028,1781.14502,1833.843018,1843.541016,1869.527954,1871.224976,1916.865967,1914.363037,1965.959961,1947.370972,1902.109009,1837.982056,1764.760986,1768.720947,1759.05896,1779.80896,1795.682983,1789.448975,1829.927002,1809.918945,1806.05896,1819.437988,1823.551025,1821.771973,1802.046997,1802.176025,1820.186035,1843.779053,1872.290039,1876.259033,1892.019043,1876.927002,1911.027954,1922.125,1966.157959,1996.334961,2031.562012,2041.709961,2008.582031,1977.269043,1982.837036,1952.125977,2012.672974,2018.442993,2001.620972,1910.619995,1910.520996,1871.411987,1913.656982,1901.025024,1866.958008,1806.802002,1820.91394,1776.104004,1709.739014,1668.956055,1629.692993,1600.687012,1614.831055,1572.499023,1501.415039,1687.979069,2041.709961,1288.024048,5,4,13,8.5
2002/11/2,1456.714966,1447.839966,1419.828003,1418.982056,1457.008057,1391.811035,1430.699951,1398.109985,1462.899048,1395.333984,1385.975952,1416.098999,1339.373047,1380.305054,1322.682007,1360.296997,1370.241943,1378.823975,1341.137939,1320.463989,1379.760986,1360.005981,1323.389038,1332.255005,1413.438965,1429.650024,1380.281006,1460.708008,1422.385986,1505.572021,1561.68396,1522.026001,1576.932983,1659.046997,1672.437988,1685.233032,1692.412964,1735.458008,1755.858032,1810.178955,1825.505005,1848.557983,1838.524048,1864.599976,1830.562988,1811.546997,1746.520996,1733.387939,1706.363037,1683.052979,1645.630981,1706.177002,1684.659058,1757.116943,1724.135986,1784.920044,1777.892944,1752.121948,1749.349976,1712.750977,1693.529053,1754.881958,1746.885986,1778.47998,1767.897949,1765.411011,1832.417969,1829.949951,1858.579956,1969.633057,2018.32605,1997.261963,2000.10498,1979.906006,1949.488037,1893.139038,1945.625977,1958.38501,1871.894043,1942.970947,1916.813965,1910.047974,1848.985962,1839.895996,1838.94104,1779.854004,1806.446045,1739.964966,1714.723999,1679.744019,1696.708008,1561.416016,1514.420044,1570.209961,1475.81604,1537.519043,1653.572882,2018.32605,1320.463989,6,6,16,11
2002/11/3,1421.651978,1472.944946,1383.19104,1428.107056,1364.172974,1393.344971,1338.238037,1384.525024,1364.499023,1292.536987,1347.141968,1276.098022,1340.05896,1287.473999,1286.442993,1368.833984,1329.264038,1328.532959,1377.343994,1395.831055,1349.390015,1319.859985,1374.73999,1375.890991,1398.337036,1372.593994,1434.18396,1458.422974,1442.619995,1498.876953,1503.088013,1597.338013,1605.965942,1641.019043,1674.55603,1679.267944,1670.338989,1742.942993,1738.276978,1785.657959,1745.44104,1815.925049,1793.109985,1857.437012,1852.645996,1836.873047,1721.415039,1727.089966,1618.849976,1660.605957,1691.876953,1729.099976,1723.975952,1713.11499,1718.583984,1680.448975,1747.657959,1734.738037,1700.977051,1670.426025,1669.730957,1754.073975,1739.817993,1760.847046,1759.447021,1790.993042,1868.645996,1854.814941,1833.097046,1928.050049,1969.012939,1993.979004,2002.046021,1941.154053,1956.230957,1936.56897,1971.126953,1883.973022,1954.120972,1957.053955,1927.063965,1856.146973,1829.613037,1842.993042,1840.641968,1796.547974,1738.177979,1741.469971,1623.052002,1642.337036,1575.625,1513.540039,1476.756958,1509.573975,1417.925049,1427.245972,1634.035319,2002.046021,1276.098022,7,5,14,9.5
2002/11/4,1412.474976,1409.319946,1360.922974,1384.235962,1387.103027,1377.54895,1379.506958,1370.322021,1381.717041,1333.432983,1321.244995,1365.697021,1353.952026,1339.800049,1298.400024,1358.449951,1370.082031,1365.821045,1325.781006,1326.975952,1367.146973,1355.22998,1332.902954,1389.560059,1403.187988,1507.146973,1472.735962,1526.468018,1498.380005,1548.563965,1588.197021,1675.985962,1698.927002,1770.965942,1776.536011,1815.118042,1828.859009,1872.223022,1875.473022,1936.223999,1935.458984,1975.505005,1977.125,2015.5,2023.546997,1983.348999,1890.805054,1795.637939,1752.75,1696.135986,1762.915039,1788.509033,1847.942993,1841.671997,1873.232056,1908.290039,1895.97998,1925.401978,1907.328003,1904.093994,1895.974976,1863.126953,1880.866943,1881.392944,1882.821045,1906.89502,1936.171021,2003.390991,1814.029053,1895.280029,1956.802002,1997.030029,2018.937988,1982.734985,2063.071045,2008.63501,2083.996094,2029.995972,1965.635986,2034.114014,2001.130981,1984.713989,1921.678955,1948.098999,1920.322998,1921.795044,1879.120972,1809.644043,1772.52002,1741.331055,1719.954956,1634.685059,1546.869019,1571.592041,1553.631958,1535.777954,1715.912188,2083.996094,1298.400024,1,2,16,9
2002/11/5,1433.027954,1464.238037,1414.088989,1466.384033,1442.970947,1416.125977,1368.427002,1429.347046,1393.874023,1354.02002,1358.196045,1410.137939,1311.651978,1402.234009,1326.837036,1423.328003,1398.922974,1448.832031,1389.233032,1431.494995,1394.176025,1399.146973,1437.311035,1428.677979,1466.437988,1467.358032,1495.017944,1546.430054,1570.531982,1584.035034,1615.969971,1644.098999,1703.301025,1750.035034,1760.495972,1805.381958,1809.352051,1843.662964,1841.29895,1894.462036,1900.594971,1948.259033,2006.333984,1953.541992,1984.792969,1911.156982,1893.022949,1818.875977,1798.020996,1780.029053,1796.968018,1793.81897,1864.449951,1853.921997,1883.342041,1900.860962,1839.31897,1835.988037,1876.317993,1869.067993,1820.735962,1873.246948,1896.853027,1895.25,1881.508057,1909.572998,1925.323975,1945.619019,1972.515015,2055.274902,2114.236084,2099.570068,2118.763916,2085.672119,2085.670898,2053.304932,2085.832031,2015.296997,1996.134033,1996.246948,2022.516968,1997.337036,2002.777954,1949.682007,1952.839966,1920.010986,1873.595947,1834.546997,1733.291016,1726.982056,1661.037964,1631.545044,1555.145996,1522.456055,1558.813965,1483.739014,1732.314425,2118.763916,1311.651978,2,6,21,13.5
2002/11/6,1425.529053,1444.255981,1481.135986,1468.702026,1414.224976,1429.373047,1401.918945,1418.422974,1427.703003,1422.394043,1393.859985,1378.944946,1342.71106,1372.265991,1379.035034,1368.692017,1338.725952,1359.995972,1395.661011,1383.994995,1388.237061,1402.88501,1462.232056,1435.55896,1519.609985,1492.162964,1601.258057,1581.255981,1554.057983,1584.624023,1600.555054,1605.446045,1665.224976,1687.411987,1738.136963,1828.641968,1807.156982,1836.438965,1865.993042,1927.848022,1910.786987,1957.267944,1972.970947,2000.234009,1966.197021,1903.115967,1826.531006,1817.43396,1731.744019,1769.192017,1773.573975,1735.755005,1833.389038,1807.218994,1797.001953,1829.895996,1821.041992,1867.30896,1829.998047,1875.141968,1884.965942,1861.55896,1830.67395,1840.134033,1878.761963,1863.130005,1914.177002,1943.703003,1978.277954,2030.889038,2039.661011,2054.539063,2030.198975,2060.433105,2047.89502,2014.06604,2035.672974,1976.655029,1995.098999,1957.072021,1939.723999,1961.583984,1954.125,1942.008057,1877.457031,1895.921021,1799.171021,1796.042969,1715.630005,1724.843018,1656.230957,1607.879028,1599.368042,1522.39502,1536.272949,1481.44104,1717.768126,2060.433105,1338.725952,3,8,22,15
2002/11/7,1464.524048,1454.984009,1454.988037,1422.61499,1371.300049,1374.785034,1412.260986,1366.130005,1389.531006,1330.588989,1385.829956,1309.322998,1361.838989,1314.994019,1303.369019,1373.64502,1325.032959,1316.040039,1380.411011,1339.197998,1343.980957,1388.109985,1370.847046,1400.920044,1466.494995,1493.017944,1485.176025,1563.296021,1554.084961,1522.584961,1537.472046,1626.802002,1644.187012,1696.218994,1720.223022,1762.472046,1777.550049,1797.041992,1806.134033,1826.894043,1877.233032,1900.759033,1937.954956,1956.64502,1923.619995,1922.342041,1806.729004,1786.114014,1745.384033,1692.546997,1721.967041,1743.064941,1732.43396,1816.172974,1793.014038,1816.626953,1838.708984,1796.925049,1833.239014,1773.270996,1833.553955,1843.046997,1811.489014,1872.090942,1863.661011,1917.588989,1950.970947,1970.297974,1958.727051,2030.609985,2079.697021,2027.744995,2062.320068,2049.528076,2043.02002,2037.56604,1968.978027,2001.822998,2004.107056,2002.677002,1939.141968,1974.446045,1949.255981,1925.875,1842.795044,1883.859009,1854.76001,1805.954956,1722.985962,1703.79895,1660.360962,1567.782959,1574.779053,1570.878052,1491.114014,1465.906982,1697.008776,2079.697021,1303.369019,4,5,20,12.5
2002/11/8,1477.462036,1468.209961,1407.545044,1437.812988,1378.098999,1440.772949,1416.004028,1373.692017,1407.350952,1409.282959,1328.947021,1370.865967,1346.458984,1368.594971,1312.791992,1317.442993,1362.78894,1320.901978,1362.324951,1389.282959,1333.633057,1398.447021,1384.650024,1436.43396,1422.724976,1495.582031,1546.395996,1560.371948,1522.589966,1601.694946,1609.946045,1661.296021,1710.598999,1730.651978,1804.230957,1819.967041,1824.08606,1914.238037,1866.680054,1885.829956,1971.003052,1989.427002,1988.198975,2019.537964,2002.345947,1960.948975,1858.979004,1854.890015,1808.389038,1761.926025,1760.353027,1845.196045,1789.588989,1871.099976,1859.879028,1841.744019,1901.796021,1893.328979,1834.56897,1848.906006,1923.21106,1859.520996,1855.503052,1926.149048,1912.125,1935.345947,1967.312012,1995.303955,2013.187012,2007.217041,2096.61499,2068.374023,2041.036011,2052.812012,2060.044922,2054.4021,2043.310059,2021.987061,2029.307983,2009.453979,2029.280029,1971.616943,1961.137939,1901.616943,1910.300049,1913.402954,1876.026001,1787.246948,1736.967041,1771.235962,1738.501953,1633.852051,1644.70105,1642.348022,1539.011963,1551.43396,1733.017572,2096.61499,1312.791992,5,3,14,8.5
2002/11/9,1529.857056,1493.812988,1449.512939,1424.668945,1513.340942,1480.281006,1437.775024,1447.848999,1362.360962,1426.269043,1373.646973,1372.642944,1397.802979,1350.737061,1425.41394,1389.279053,1434.291992,1384.631958,1402.223022,1414.868042,1458.254028,1376.612061,1407.332031,1476.599976,1520.67395,1439.504028,1560.534058,1489.223022,1496.918945,1528.063965,1619.098022,1651.715942,1616.380981,1714.339966,1758.801025,1779.732056,1811.927979,1794.901001,1873.312988,1860.843018,1895.655029,1868.362061,1886.555054,1959.104004,1906.472046,1884.795044,1829.498047,1757.871948,1755.569946,1700.703979,1686.844971,1743.485962,1750.269043,1767.44104,1726.465942,1728.436035,1720.588013,1784.285034,1726.630005,1785.019043,1727.703003,1782.724976,1750.230957,1788.359009,1768.708008,1849.828979,1828.119019,1915.312012,1978.800049,2007.770996,2031.425049,2071.323975,2013.536011,2031.182983,1986.260986,2007.279053,2000.369019,1924.230957,1966.024048,1896.985962,1946.489014,1921.891968,1864.452026,1911.998047,1892.63501,1895.213013,1786.537964,1792.188965,1726.508057,1722.249023,1632.975952,1634.531982,1581.915039,1588.696045,1553.772949,1468.203979,1696.422096,2071.323975,1350.737061,6,7,19,13
2002/11/10,1474.812988,1454.678955,1471.314941,1425.124023,1408.926025,1361.822998,1410.494019,1405.45105,1390.109009,1383.616943,1385.81604,1344.685059,1348.93103,1355.282959,1322.526978,1296.650024,1343.96106,1410.323975,1327.18396,1407.784058,1414.285034,1355.915039,1427.475952,1425.439941,1453.406982,1456.810059,1419.764038,1511.052002,1442.14502,1519.323975,1535.635986,1613.116943,1588.357056,1602.480957,1681.422974,1612.927979,1693.290039,1654.853027,1705.656006,1693.925049,1746.447998,1775.973999,1754.814941,1826.052979,1818.897949,1808.765015,1766.494995,1735.853027,1664.79895,1667.590942,1669.712036,1701.045044,1676.081055,1677.295044,1740.973022,1717.267944,1753.514038,1657.551025,1712.046021,1664.967041,1747.197021,1727.873047,1765.339966,1694.462036,1750.027954,1801.125977,1849.197021,1862.187988,1929.078003,1960.323975,1961.748047,1992.400024,1955.292969,1997.542969,1992.185059,1985.759033,1946.884033,1955.932007,1959.411011,1939.149048,1916.359985,1882.994019,1869.634033,1806,1830.338013,1791.564941,1827.995972,1720.637939,1736.894043,1693.100952,1631.69104,1536.765991,1547.80603,1484.415039,1491.96106,1444.853027,1646.448463,1997.542969,1296.650024,7,8,17,12.5
2002/11/11,1408.014038,1418.777954,1415.703003,1338.348022,1372.630005,1314.855957,1357.661011,1363.607056,1396.254028,1322.572998,1319.146973,1355.728027,1319.277954,1287.508057,1290.014038,1274.202026,1326.754028,1340.88501,1347.120972,1400.462036,1366.333008,1424.637939,1391.094971,1369.661011,1449.27002,1488.936035,1529.081055,1547.034058,1582.600952,1558.639038,1559.259033,1617.291992,1663.612061,1744.447998,1772.734009,1815.47998,1780.067017,1858.67395,1883.723999,1889.73999,1876.105957,1932.853027,1919.186035,1985.036011,2005.387939,1953.331055,1845.879028,1823.686035,1788.177979,1778.296997,1744.097046,1798.365967,1757.545044,1849.402954,1857.979004,1832.043945,1853.956055,1890.78894,1820.665039,1895.602051,1833.295044,1821.251953,1821.265991,1846.86499,1846.036011,1852.477051,1874.390015,1958.250977,2004.797974,2070.839111,2095.983887,2058.643066,2043.406006,2067.39209,2041.754028,2046.656006,2015.661011,2013.465942,1944.062012,1932.364014,1935.915039,1986.432983,1979.202026,1925.655029,1894.833984,1860.291016,1808.520996,1737.847046,1742.71106,1749.102051,1602.501953,1626.16394,1606.939941,1525.380981,1512.899048,1521.869995,1704.95158,2095.983887,1274.202026,1,8,22,15
2002/11/12,1488.946045,1422.083984,1437.249023,1395.453003,1392.970947,1369.053955,1366.92395,1382.209961,1386.156982,1365.614014,1351.862061,1381.942993,1316.397949,1334.677979,1378.973022,1386.901978,1311.067993,1370.121948,1374.938965,1319.166992,1360.571045,1418.94397,1364.855957,1424.124023,1456.442993,1491.348022,1547.05896,1536.612061,1583.956055,1542.946045,1571.594971,1642.927002,1700.713013,1710.738037,1774.380981,1815.892944,1834.473999,1844.707031,1876.292969,1859.253052,1862.307007,1948.439941,1975.11499,1984.491943,1930.828003,1921.061035,1801.97998,1723.833008,1704.161987,1705.880005,1680.186035,1761.267944,1739.688965,1857.404053,1845.188965,1869.587036,1864.733032,1877.26001,1857.968018,1841.241943,1786.590942,1843.96106,1846.44104,1814.795044,1837.535034,1883.499023,1895.255005,1975.865967,1951.911011,2064.720947,2037.108032,2095.337891,2011.887939,1995.916016,1968.35498,2003.571045,2022.265015,1980.260986,1941.930054,1961.93396,2012.472046,1942.962036,1877.636963,1856.545044,1890.828979,1854.876953,1827.534058,1797.953003,1712.329956,1738.983032,1664.406982,1634.760986,1571.098999,1513.793945,1526.219971,1495.198975,1702.915768,2095.337891,1311.067993,2,9,18,13.5
2002/11/13,1432.057007,1425.677002,1413.615967,1384.415039,1321.110962,1380.786987,1355.21106,1348.267944,1329.60498,1336.248047,1348.873047,1286.610962,1339.869995,1285.989014,1365.831055,1363.660034,1340.510986,1363.772949,1382.579956,1366.194946,1367.869995,1348.843994,1365.937988,1373.473022,1339.098022,1318.671997,1337.651001,1379.010986,1514.692993,1522.256958,1632.435059,1628.80896,1705.180054,1729.890991,1748.379028,1806.952026,1862.760986,1885.754028,1912.337036,1902.482056,1958.661011,1976.161011,2001.713013,2001.177979,1983.769043,2000.074951,1846.328979,1842.152954,1801.342041,1785.046997,1767.594971,1758.05603,1778.729004,1875.61499,1901.537964,1862.227051,1911.16394,1903.072998,1862.287964,1890.609009,1849.858032,1860.074951,1858.58606,1890.161011,1898.515015,1940.166992,2017.515991,2050.596924,2052.539063,2063.429932,2123.906982,2133.964111,2105.163086,1989.779053,2086.173096,2020.152954,2015.35498,1975.702026,2021.364014,1985.145996,1998.123047,1928.097046,1905.39502,1903.166016,1921.641968,1847.870972,1846.805054,1834.727051,1716.264038,1671.828003,1625.706055,1571.614014,1539.134033,1575.552979,1515.319946,1447.307007,1711.952079,2133.964111,1285.989014,3,9,18,13.5
2002/11/14,1449.779053,1466.817017,1489.870972,1401.442993,1350.739014,1405.43396,1368.824951,1357.985962,1401.699951,1312.577026,1350.494995,1327.030029,1383.989014,1341.612061,1312.128052,1324.172974,1392.03894,1351.155029,1418.468018,1380.208008,1384.840942,1338.313965,1415.552002,1471.780029,1497.890991,1494.118042,1546.324951,1553.420044,1541.313965,1587.130005,1656.161987,1686.25,1720.593018,1772.552979,1790.784058,1827.852051,1895.707031,1885.712036,1967.484985,2001.541016,2013.677979,2079.532959,2028.271973,2025.651978,2031.525024,1993.541016,1962.942993,1889.547974,1783.409058,1859.337036,1837.547974,1885.619019,1823.296021,1909.166992,1921.870972,1896.829956,1896.426025,1885.001953,1921.917969,1927.932007,1898.609985,1941.057983,1881.032959,1909.400024,1928.177979,1958.13501,2014.188965,2030.935059,2082.989014,2097.364014,2126.475098,2136.173096,2115.873047,2120.753906,2010.097046,2059.584961,2049.779053,2060.545898,2047.793945,1988.462036,1943.378052,1996.880005,1905.152954,1921.30603,1901.771973,1891.046997,1840.535034,1799.130981,1709.331055,1712.689941,1676.176025,1635.864014,1552.495972,1548.447998,1526.545044,1520.702026,1747.226273,2136.173096,1312.128052,4,10,16,13
2002/11/15,1445.543945,1470.129028,1413.454956,1440.956055,1373.551025,1452.105957,1398.313965,1405.917969,1348.133057,1385.123047,1375.72998,1367.407959,1327.014038,1339.906982,1331.581055,1369.92395,1345.781006,1405.417969,1349.834961,1423.19104,1356.160034,1426.259033,1440.805054,1467.560059,1415.871948,1522.625977,1536.44104,1590.239014,1550.628052,1595.250977,1609.364014,1683.001953,1701.360962,1794.532959,1808.563965,1876.918945,1884.094971,1951.859009,1966.312012,1981.374023,2011.949951,2019.677979,2072.575928,2095.738037,2086.791992,2039.646973,1954.33606,1853.651978,1864.095947,1857.052002,1858.036011,1846.81604,1903.840942,1915.031006,1966.635986,1949.327026,1952.015015,1899.947021,1940.979004,1939.651978,1963.25,1914.644043,1923.767944,1917.953979,1998.802979,2025.594971,1999.958008,2071.600098,2145.699951,2137.375,2108.352051,2148.394043,2128.970947,2052.433105,2036.906006,2028.20105,2033.750977,2042.223999,2038.131958,1988.98999,1998.364014,1984.837036,1920.458008,1914.91394,1972.188965,1916.14502,1865.651001,1806.581055,1777.599976,1755.578979,1709.918945,1635.270996,1681.027954,1599.280029,1589.046997,1503.514038,1763.452259,2148.394043,1327.014038,5,11,14,12.5
2002/11/16,1530.831055,1528.392944,1521.14502,1402.114014,1406.871948,1421.885986,1409.561035,1396.86499,1366.594971,1418.495972,1326.483032,1364.656006,1362.865967,1353.25,1357.11499,1363.814941,1388.86499,1382.588013,1317.613037,1399.494019,1346.022949,1405.407959,1388.802979,1438.33606,1413.840942,1435.255981,1490.349976,1459.313965,1515.848999,1583.053955,1573.465942,1622.508057,1658.029053,1706.411987,1745.493042,1781.156982,1773.717041,1806.958984,1772.656006,1847.425049,1813.470947,1825.244995,1876.494995,1925.935059,1871.000977,1868.977051,1790.488037,1777.728027,1752.796997,1739.66394,1757.546997,1726.159058,1812.005981,1773.803955,1777.463013,1834.521973,1821.333008,1809.656982,1754.218994,1732.543945,1792.218994,1777.156982,1724.098022,1857.858032,1758.776001,1854.858032,1893.860962,1911.993042,1916.817993,1991.93103,2031.887939,2076.697998,2019.692017,1954.552002,1995.021973,1979.634033,2007.902954,1971.331055,1917.05896,1955.526978,1979.626953,1979.302002,1915.355957,1879.740967,1876.312012,1891.739014,1840.765015,1746.407959,1782.616943,1722.514038,1660.718018,1595.98999,1622.41394,1568.802002,1528.187988,1553.245972,1691.22112,2076.697998,1317.613037,6,4,16,10
2002/11/17,1445.593018,1480.619995,1449.157959,1525.686035,1418.375977,1391.505981,1421.355957,1397.321045,1426.239014,1382.647949,1387.887939,1352.569946,1356.817993,1410.307007,1401.73999,1369.261963,1355.930054,1395.245972,1349.035034,1396.149048,1419.979004,1430.26001,1354.397949,1454.364014,1380.896973,1450.352051,1421.952026,1490.68396,1508.43396,1478.551025,1539.750977,1540.582031,1581.633057,1681.167969,1673.401001,1676.89502,1688.109009,1797.162964,1819.540039,1842.04895,1841.602051,1879.412964,1884.607056,1909.675049,1924.38501,1911.438965,1842.849976,1788.917969,1771.784058,1781.822998,1758.109009,1753.68396,1775.680054,1810.875,1813.831055,1783.916992,1811.938965,1821.386963,1830.312012,1830.307007,1826.343994,1836.358032,1833.402954,1892.610962,1827.980957,1894.087036,1945.400024,1992.562988,1994.18396,2040.032959,2090.749023,2068.781006,2047.170044,2034.02002,1982.531006,2004.343018,1944.801025,1991.656982,1966.72998,1969.953003,1899.259033,1955.769043,1881.276001,1933.222046,1888.848999,1827.765015,1797.651978,1760.534058,1769.037964,1660.357056,1648.126953,1581.838989,1611.791992,1521.114014,1556.313965,1540.342041,1696.740574,2090.749023,1349.035034,7,1,12,6.5
2002/11/18,1486.795044,1461.244019,1454.453003,1460.698975,1361.243042,1345.956055,1395.005005,1410.374023,1399.217041,1365.873047,1338.012939,1368.241943,1362.149048,1423.567993,1347.348999,1386.196045,1339.344971,1391.473999,1365.572998,1341.578979,1348.21106,1399.218018,1404.369995,1395.401001,1438.545044,1470.473022,1505.458984,1550.189941,1546.307983,1550.625,1580.494995,1632.265015,1732.241943,1863.984009,1910.666992,1913.567017,1926.581055,1956.552979,1983.917969,2016.249023,2036.437988,2064.447998,2068.858887,2139.145996,2115.022949,2098.715088,2012.67395,1926.732056,1860.119995,1860.307007,1880.612061,1899.20105,1913.317017,1938.120972,1992.16394,2010.468018,1974.328979,1982.478027,1999.640991,1995.13501,1961,1989.777954,1993.870972,2055.458984,2015.412964,2087.958008,2105.813965,2135.731934,2157.173096,2190.708008,2213.850098,2188.61499,2208.27002,2181.071045,2119.0979,2118.420898,2129.020996,2145.329102,2058.621094,2086.4021,2071.013916,2071.926025,2067.574951,1963.482056,2007.522949,1931.668945,1951.469971,1847.223022,1842.875,1769,1746.921021,1628.55603,1618.967041,1632.625,1571.626953,1590.54895,1793.252106,2213.850098,1338.012939,1,4,13,8.5
2002/11/19,1518.415039,1547.115967,1478.250977,1482.110962,1506.034058,1469.812988,1453.073975,1441.338989,1371.93103,1362.119019,1399.405029,1394.89502,1376.269043,1405.755005,1424.687012,1408.624023,1362.718018,1432.488037,1424.552979,1449.895996,1416.063965,1424.772949,1540.001953,1517.405029,1530.833008,1571.108032,1632.870972,1616.972046,1620.296021,1647.225952,1624.958984,1752.817993,1775.176025,1856.57605,1882.036011,1983.89502,2013.727051,2060.485107,2064.552979,2033.824951,2055.966064,2104.831055,2139.708984,2156.112061,2136.508057,2060.501953,1987.828003,1919.090942,1903.60498,1922.264038,1918.300049,1935.487061,1946.561035,1919.022949,1948.197021,1974.212036,1986.332031,1950.291992,1973.958008,1915.587036,1937.285034,1941.119995,1967.602051,1956.151001,1937.734985,2003.564941,2022.369995,2089.073975,2061.081055,2162.801025,2164.115967,2198.041016,2105.958008,2170.556885,2071.031982,2113.250977,2115.779053,2107.321045,2106.697021,2075.034912,2092.253906,2080.243896,2036.275024,2017.474976,2003.667969,1918.277954,1903.704956,1921.894043,1820.223022,1790.885986,1700.145996,1707.942993,1645.296021,1617.411987,1546.17395,1558.218994,1810.376263,2198.041016,1362.119019,2,7,11,9
2002/11/20,1488.300049,1521.244995,1518.317017,1475.904053,1459.511963,1457.725952,1469.807007,1408.087036,1418.270996,1457.014038,1401.651001,1347.729004,1373.720947,1463.131958,1452.286011,1426.060059,1418.646973,1419.296997,1447.187988,1426.645996,1431.807007,1467.666016,1447.374023,1483.345947,1555.380981,1577,1583.39502,1567.412964,1658.411987,1657.079956,1689.270996,1714.921021,1839.378052,1844.340942,1939.812988,1940.630981,1987.813965,2042.537964,2065.533936,2097.888916,2079.178955,2153.331055,2144.550049,2221.737061,2179.704102,2078.389893,2000.124023,1947.208008,1966.531982,1927.578979,1936.503052,1997.462036,2010.062988,2052.935059,2074.283936,2061.50708,2088.891113,2078.240967,2069.989014,2018.04895,2044.977051,2032.495972,2077.541016,2039.125977,2115.714111,2145.211914,2156.547119,2192.047119,2180.800049,2267.968018,2209.187988,2171.978027,2197.415039,2165.396973,2162.952881,2144.595947,2089.741943,2134.62793,2119.054932,2089.153076,2037.630981,2050.879883,2026.984009,2002.03894,1971.072021,1970.457031,1936.360962,1873.744019,1833.026001,1789.151001,1747.579956,1645.203979,1647.06897,1617.578003,1580.504028,1585.177002,1839.362415,2267.968018,1347.729004,3,10,12,11
2002/11/21,1538.973999,1544.552002,1513.103027,1453.803955,1515.845947,1455.758057,1412.697998,1472.444946,1456.73999,1457.46106,1440.871948,1420.870972,1421.593994,1367.074951,1367.317993,1414.762939,1410.032959,1417.958984,1443.588989,1428.694946,1432.543945,1425.42395,1429.206055,1495.235962,1460.697021,1548.937988,1586.621948,1617.13501,1569.839966,1647.613037,1673.708984,1770.588013,1841.161011,1898.18103,1906.905029,1981.452026,2008.129028,2061.779053,2074.354004,2106.833984,2113.958984,2126.781006,2154.725098,2187.363037,2140.707031,2197.647949,2029.490967,2041.016968,1923.670044,1956.402954,1952.146973,2014.392944,2017.577026,2040.136963,2039.202026,2011.526978,2047.333008,2040.785034,2039.010986,1985.18103,2022.149048,2032.722046,2042.05896,2044.454956,2053.059082,2090.72998,2087.702881,2189.156982,2200.965088,2167.810059,2221.62793,2170.160889,2171.966064,2127.858887,2141.939941,2147.26709,2068.272949,2107.329102,2078.764893,2096.322021,2109.01709,2012.702026,2008.187988,2048.922119,1966.500977,1986.651978,1981.436035,1890.834961,1848.227051,1828.714966,1807.792969,1709.869019,1641.074951,1634.765015,1548.781982,1595.782959,1837.824319,2221.62793,1367.074951,4,5,14,9.5
2002/11/22,1569.409058,1536.88501,1514.682007,1479.114014,1483.645996,1462.531982,1428.104004,1471.223022,1383.44104,1379.957031,1399.974976,1421.087036,1424.764038,1431.322998,1429.694946,1427.141968,1430.328003,1435.375,1385.587036,1442.843994,1403.746948,1416.567017,1453.097046,1530.522949,1508.141968,1525.240967,1557.807983,1610.519043,1605.067017,1717.865967,1710.112061,1694.93396,1777.954956,1875.25,1948.22998,1936.05896,2015.509033,1999.11499,2061.358887,2087.304932,2108.529053,2094.855957,2103.792969,2159.13208,2166.657959,2091.88501,2022.03894,1957.005981,1986.942993,1955.704956,1913.432007,1967.61499,1967.750977,2034.812988,2025.688965,2030.709961,1969.564941,1987.619995,1986.860962,2022.904053,1990.223022,2032.293945,1975.609985,2031.41394,2065.114014,2042.107056,2122.416016,2126.516113,2175.634033,2165.258057,2265.322021,2240.423096,2216.748047,2154.099121,2137.312988,2098.235107,2161.425049,2099.541016,2112.0271,2054.145996,2049.343018,2076.053955,2014.805054,2020.005981,2014.718018,1978.688965,1985.401001,1867.333008,1824.446045,1824.258057,1745.406006,1741.119995,1654.240967,1673.062012,1663.453003,1596.859985,1832.500879,2265.322021,1379.957031,5,6,13,9.5
2002/11/23,1557.697021,1551.680054,1552.327026,1495.11499,1508.406982,1458.125977,1450.512939,1451.139038,1472.744995,1431.936035,1443.66394,1441.685059,1409.125977,1453.946045,1444.055054,1410.384033,1419.078003,1415.97998,1373.477051,1386.604004,1471.036987,1464.56604,1463.946045,1477.321045,1483.381958,1573.015991,1560.560059,1543.338989,1515.82605,1605.454956,1650.004028,1612.271973,1713.166992,1749.713013,1803.963013,1772.79895,1830.910034,1839.922974,1888.790039,1883.67395,1910.671997,1988.520996,2052.787109,2036.921021,2053.947021,2046.636963,1977.473022,1919.102051,1851.266968,1852.718994,1856.284058,1863.152954,1867.753052,1888.136963,1877.590942,1951.33606,1940.599976,1922.348999,1859.102051,1921.432983,1903.609009,1922.130981,1910.975952,1914.938965,1932.671021,1973.687988,1970.964966,2060.500977,2092.371094,2084.831055,2110.312012,2092.241943,2111.306885,2045.498047,2076.720947,2065.425049,2026.900024,2051.440918,2024.795044,2016.916016,1993.275024,2025.896973,1993.088013,1961.276978,1955.639038,1909.057007,1862.218994,1871.311035,1777.484009,1797.932983,1724.45105,1746.479004,1691.317993,1601.697998,1573.19397,1615.041992,1772.465963,2111.306885,1373.477051,6,6,12,9
2002/11/24,1557.17395,1517.401001,1538.478027,1530.562012,1431.449951,1443.665039,1441.381958,1448.037964,1439.503052,1369.093994,1435.421021,1407.087036,1370.577026,1402.317017,1428.074951,1351.035034,1398.80603,1391.446045,1405.637939,1365.767944,1413.692993,1370.224976,1431.020996,1439.780029,1479.23999,1474.225952,1486.177002,1496.409058,1522.713989,1506.188965,1580.185059,1609.81604,1625.759033,1672.630981,1767.378052,1783.322998,1804.016968,1815.000977,1832.046021,1865.879028,1889.587036,1973.727051,2024.843018,2015.905029,2057.681885,2012.83606,1923.254028,1895.067017,1867.862061,1879.610962,1846.530029,1893.824951,1896.651001,1885.884033,1915.652954,1880.446045,1913.307983,1855.402954,1853.501953,1829.266968,1854.634033,1871.390991,1832.343994,1867.128052,1885.685059,1894.349976,1958.718994,1995.572021,2024.159058,2081.545898,2141.572021,2150.833984,2089.769043,2089.112061,2077.14209,2059.875,2070.666992,2044.68396,2062.024902,2018.400024,2017.745972,1961.39502,1990.939941,1945.600952,1900.230957,1949.411987,1923.636963,1820.369019,1799.157959,1728.680054,1700.401001,1612.519043,1619.465942,1563.031006,1580.597046,1533.838989,1746.626033,2150.833984,1351.035034,7,5,12,8.5
2002/11/25,1462.932007,1503.972046,1455.738037,1514.402954,1480.916016,1448.631958,1392.337036,1393.581055,1359.531006,1387.240967,1353.123047,1346.944946,1398.197998,1402.938965,1371.207031,1425.140991,1360.360962,1397.02002,1398.839966,1431.948975,1372.656006,1397.667969,1445.105957,1465.209961,1525.744995,1586.394043,1540.026001,1576.630005,1603.319946,1645.416016,1637.876953,1720.886963,1829.608032,1870.452026,1940.293945,1999.795044,2073.340088,2109.498047,2127.457031,2179.542969,2196.916016,2240.75,2240.738037,2246.273926,2219.968994,2230.919922,2130.888916,2062.677002,1968.256958,1956.041016,1991.162964,2000.463013,2007.678955,1984.516968,2043.480957,1999.947998,2042.345947,2057.62793,2043.633057,1989.35498,1993.534058,2017.08606,2101.308105,2015.745972,2077.824951,2030.011963,2145.329102,2099.681885,2174.070068,2231.986084,2264.611084,2210.74292,2215.570068,2232.917969,2139.395996,2175.98291,2186.016113,2102.321045,2149.780029,2131.990967,2126.224121,2101.976074,2074.965088,2076.513916,2001.373047,2012.363037,1939.785034,1925.107056,1898.389038,1838.989014,1790.80603,1661.618042,1718.411987,1610.503052,1647.134033,1606.088989,1846.99715,2264.611084,1346.944946,1,4,13,8.5
2002/11/26,1596.187988,1552.797974,1503.136963,1485.082031,1461.51001,1499.379028,1434.373047,1490.099976,1489.270996,1405.779053,1380.147949,1419.321045,1405.390015,1388.192993,1443.121948,1441.644043,1456.329956,1389.344971,1437.906006,1435.743042,1386.623047,1409.342041,1440.243042,1504.047974,1553.472046,1579.208984,1621.046021,1604.912964,1659.817993,1694.803955,1658.357056,1743.958984,1849.083008,1902.397949,1987.92395,1952.432983,1986.422974,2035.208984,2093.160889,2098.055908,2068.397949,2118.188965,2136.798096,2181.920898,2118.623047,2142.965088,2008.248047,1993.02002,1895.714966,1948.668945,1919.468018,1908.718994,1953.885986,1965.046997,2022.099976,2003.644043,2025.612061,1988.995972,1987.459961,1955.453979,1960.077026,1957.707031,1979.363037,1985.115967,2002.775024,2042.994995,2088.439941,2084.6521,2167.262939,2178.852051,2248.960938,2217.839111,2194.980957,2176.816895,2159.090088,2161.352051,2168.218018,2154.131104,2119.166016,2160.304932,2107.325928,2103.711914,2089.572998,2070.725098,2031.956055,2007.355957,2013.550049,1944.55603,1905.416016,1846.112061,1830.192017,1697.005005,1684.942993,1601.027954,1595.380005,1573.510986,1838.840136,2248.960938,1380.147949,2,4,13,8.5
2002/11/27,1523.535034,1487.522949,1494.139038,1533.010986,1461.915039,1455.113037,1539.86499,1464.207031,1482.313965,1430.957031,1390.718994,1386.793945,1460.036987,1432.640015,1433.256958,1442.279053,1442.974976,1450.595947,1467.647949,1431.828979,1453.360962,1425.328003,1474.027954,1459.880005,1547.607056,1529.245972,1585.512939,1639.032959,1622.668945,1666.422974,1697.822998,1773.848022,1874.619019,1936.411011,1991.737061,2039.889038,2073.666992,2077.22998,2065.168945,2135.633057,2129.174072,2162.092041,2184.998047,2200.447021,2212.019043,2146.580078,2032.772949,2017.642944,1918.458984,1935.812012,1948.078003,1998.66394,1954.812988,2016.269043,2024.535034,2069.981934,1999.5,2044.562988,1986.280029,1991.98999,1985.295044,2011.719971,1971.026001,2015.557983,2006.640015,2086.268066,2044.468018,2111.417969,2099.077881,2213.386963,2270.26001,2240.962891,2180.478027,2150.907959,2192.833008,2222.739014,2124.833008,2107.570068,2118.26709,2139.625977,2123.336914,2088.114014,2127.665039,2087.438965,2001.722046,1989.942993,1998.926025,1942.574951,1869.72998,1846.073975,1805.078003,1752.285034,1680,1661.030029,1641.482056,1613.524048,1851.847885,2270.26001,1386.793945,3,0,13,6.5
2002/11/28,1513.232056,1578.703979,1542.633057,1567.529053,1553.291016,1496.682007,1499.331055,1499.188965,1449.644043,1479.400024,1483.390991,1450.418945,1425.81897,1428.073975,1480.21106,1465.21106,1417.520996,1420.81897,1441.286011,1430.604004,1408.629028,1424.692017,1459.208008,1494.850952,1531.33606,1571.442993,1566.067017,1633.39502,1605.266968,1661.791992,1656.400024,1788.208984,1825.833984,1892.984009,1946.66394,1959.71106,1954.883057,2032.954956,2056.346924,2047.51001,2038.735962,2073.763916,2123.593994,2093.667969,2165.7229,2116.721924,2043.749023,1964.619995,1888.56604,1894.998047,1883.404053,1928.78894,1910.456055,1935.743042,1971.697021,1971.644043,2006.43103,1981.046021,1957.729004,1949.666016,1954.255981,1912.165039,1991.969971,1966.212036,1995.037964,1962.859985,1992.208984,2079.02002,2053.594971,2143.212891,2231.456055,2219.756104,2184.852051,2150.592041,2095.358887,2139.106934,2099.599121,2142.231934,2137.770996,2062.613037,2037.380005,2077.61499,2090.72998,2008.404053,2048.631104,1964.655029,1939.391968,1866.764038,1836.969971,1845.452026,1757.439941,1707.206055,1631.834961,1641.473022,1636.661987,1547.082031,1824.932067,2231.456055,1408.629028,4,4,15,9.5
2002/11/29,1526.675049,1561.645996,1521.276001,1441.245972,1498.531006,1503.541016,1449.677979,1475.050049,1407.442993,1457.714966,1486.734985,1417.052979,1432.003052,1408.635986,1395.75,1438.321045,1377.843994,1434.090942,1449.128052,1430.421997,1468.703003,1440.572021,1522.975952,1513.428955,1546.279053,1607.921997,1611.227051,1674.453003,1635.14502,1659.482056,1718.541016,1766.718994,1826.177979,1869.973999,1889.311035,1904.005005,2004.713013,1976.324951,2043.526001,2034.280029,2080.398926,2085.226074,2075.397949,2059.250977,2107.818115,2033.737061,1961.535034,1914.215942,1878.109009,1814.317993,1858.915039,1910.797974,1857.910034,1931.391968,1932.324951,1950.775024,1924.165039,1964.485962,1968.098999,1898.629028,1919.453979,1920.892944,1946.68103,1900.480957,1950.569946,1984.823975,2010.468994,2038.203003,2074.740967,2075.123047,2171.246094,2171.137939,2164.447021,2101.874023,2109.379883,2137.260986,2107.051025,2062.833984,2081.805908,2007.706055,2050.405029,2010.686035,1987.651978,1951.213013,1995.354004,1913.910034,1942.702026,1873.662964,1845.437012,1814.810059,1750.849976,1719.057983,1664.102051,1617.005005,1561.534058,1576.535034,1804.636909,2171.246094,1377.843994,5,6,16,11
2002/11/30,1540.868042,1555.031982,1487.647949,1554.876953,1450.291016,1472.062988,1441.31604,1456.531982,1395.873047,1416.741943,1407.63501,1418.66394,1412.109985,1472.000977,1429.365967,1406.392944,1407.11499,1396.821045,1453.477051,1479.547974,1477.280029,1484.708984,1431.475952,1463.095947,1492.551025,1519.552979,1514.952026,1563.827026,1568.598022,1567.79895,1579.078003,1613.494019,1653.457031,1752.485962,1785.30896,1773.973022,1851.225952,1826.26001,1895.978027,1946.496948,1963.012939,1936.832031,1997.151001,2025.963989,2045.067993,1964.666016,1901.192017,1913.578003,1852.605957,1878.881958,1867.359985,1901.935059,1888.251953,1840.61499,1900.462036,1914.761963,1910.110962,1837.795044,1875.071045,1896.508057,1892.772949,1852.887939,1895.833008,1906.157959,1879.665039,1934.06604,1942.072021,1984.185059,2067.293945,2070.771973,2133.246094,2147.634033,2086.091064,2047.139038,2080.760986,2057.197021,2083.095947,2040.86499,2056.834961,2042.421997,1962.246948,1938.477051,1984.759033,1970.779053,1936.237061,1976.719971,1873.706055,1882.917969,1827.401978,1783.876953,1693.479004,1697.587036,1685.438965,1610.978027,1579.896973,1578.328979,1763.662675,2147.634033,1395.873047,6,7,17,12
2002/12/1,1451.985962,1472.852051,1401.081055,1457.63501,1432.06897,1427.29895,1417.990967,1387.875,1373.495972,1395.631958,1413.005005,1418.251953,1345.384033,1400.484985,1389.972046,1410.517944,1393.776001,1418.280029,1414.498047,1381.98999,1367.891968,1479.709961,1442.873047,1479.04895,1507.899048,1514.96106,1579.508057,1572.671997,1634.286011,1573.495972,1664.44397,1667.887939,1780.16394,1836.56897,1841.795044,1896.722046,1878.239014,1972.793945,2012.358032,2021.68396,1979.089966,2045.14502,2072.914063,2105.936035,2107.737061,2029.093018,1986.577026,1913.468018,1876.921997,1833.14502,1872.265015,1901.349976,1942.368042,1943.359985,2007.953003,1996.984985,1982.244019,1938.081055,1937.218018,1959.052002,1968.550049,1918.762939,1934.508057,1984.865967,2001.435059,1990.369995,2065.845947,2094.749023,2126.503906,2142.792969,2186.083984,2151.76709,2128.308105,2095.326904,2094.283936,2023.121948,2079.829102,2056.362061,2009.447021,1998.88501,1993.208984,2002.48999,1934.457031,1948.358032,1903.348022,1938.225952,1833.020996,1798.302979,1831.79895,1745.91394,1667.776978,1658.593994,1603.463013,1626.031006,1571.812988,1556.735962,1781.513751,2186.083984,1345.384033,7,9,17,13
2002/12/2,1460.935815,1461.618018,1443.792627,1439.383594,1416.205811,1383.37439,1392.93501,1383.950415,1381.888208,1366.305005,1368.161401,1372.614575,1351.410205,1378.576001,1363.33103,1373.232593,1361.905591,1393.829224,1381.46919,1376.432007,1359.33982,1410.660571,1415.790601,1416.049194,1462.829419,1510.137036,1532.483228,1555.268604,1584.837378,1578.241797,1602.311792,1654.957788,1742.781592,1816.172803,1865.713794,1903.452417,1915.834033,1976.197388,2003.814404,2021.711987,2030.887964,2067.405811,2080.118213,2114.099976,2114.328564,2082.317822,1989.747583,1930.104614,1875.717993,1866.8198,1882.300025,1907.333789,1915.80542,1938.522974,1982.994971,1966.195996,1965.923389,1973.596582,1962.06023,1962.902002,1942.609619,1942.983569,1961.923022,1980.448193,1987.544995,2002.811597,2055.511597,2082.554785,2124.945386,2162.299658,2186.493799,2155.039404,2143.330225,2138.816016,2109.408765,2084.972729,2100.988843,2085.133618,2058.813037,2037.437622,2037.566211,2043.666626,2010.501221,1984.954614,1953.160791,1936.662793,1886.628198,1844.946411,1826.044214,1770.316797,1699.162598,1655.98081,1633.345386,1599.713599,1580.662793,1557.910181,1782.858435,2187.140234,1326.1448,1,11,14,12.5
2002/12/3,1494.952026,1451.244019,1491.988037,1425.833008,1434.171021,1380.129028,1401.68103,1364.314941,1380.942993,1360.206055,1417.519043,1373.906006,1332.041992,1378.380005,1418.113037,1370.105957,1389.291992,1421.487061,1381.313965,1326.180054,1341.607056,1352.06897,1395.509033,1370.925049,1392.687988,1489.921021,1508.342041,1529.817017,1557.671997,1563.032959,1569.484009,1636.457031,1708.281982,1765.411011,1863.078979,1891.697998,1920.942993,1983.468018,2011.61499,2001.343994,2065.889893,2053.833008,2098.894043,2094.10791,2123.525879,2099.530029,1972.718994,1923.959961,1885.113037,1906.30896,1923.363037,1937.28894,1958.118042,1977.213989,2013.397949,1991.535034,1976.741943,1999.006958,2009.144043,1975.365967,1956.668945,1968.03894,1958.661987,1999.305054,1997.015991,2053.240967,2086.178955,2124.360107,2162.181885,2175.172119,2171.939941,2165.428955,2121.096924,2117.37207,2152.511963,2060.681885,2094.416992,2108.189941,2132.155029,2037.546021,2061.468994,2055.508057,1996.307007,2010.764038,1958.725952,1940.765015,1900.343994,1916.251953,1814.447021,1748.578979,1687.807007,1704.972046,1618.944946,1604.027954,1599.840942,1514.307007,1787.57759,2175.172119,1326.180054,2,7,14,10.5
2002/12/4,1538.626953,1513.665039,1497.807983,1533.665039,1432.937988,1448.219971,1403.464966,1462.897949,1401.796021,1429.668945,1437.182007,1419.379028,1393.598022,1482.561035,1386.75,1370.944946,1491.869019,1377.099976,1408.900024,1402.603027,1482.733032,1446.63501,1456.577026,1481.517944,1517.790039,1558.348022,1579.588013,1620.404053,1628.574951,1606.206055,1629.880005,1727.295044,1756.240967,1786.489014,1863.292969,1948.560059,2004.353027,1997.011963,2006.120972,1987.042969,2065.1521,2061.264893,2123.927979,2127.319092,2084.792969,2062.11792,2004.050049,1970.411987,1968.468018,1944.516968,1940.80603,1985.48999,2043.286011,2016.006958,2017.482056,1991.879028,2007.770996,2043.588989,2055.570068,1997.713989,2004.47998,2014.743042,2047.602051,2034.671021,2015.020996,2053.5979,2050.508057,2121.058105,2179.712891,2224.48291,2199.695068,2224.129883,2176.947021,2171.422119,2184.452881,2114.080078,2150.225098,2105.279053,2135.437012,2071.76001,2094.971924,2072.784912,2059.995117,2048.798096,1988.655029,1983.64502,1995.458008,1854.871948,1890.217041,1823.26001,1720.698975,1740.637939,1658.381958,1680.237061,1580.94397,1547.983032,1827.612087,2224.48291,1370.944946,3,8,14,11
2002/12/5,1569.998047,1534.305054,1456.735962,1419.630005,1450.76001,1486.448975,1431.437012,1432.920044,1380.989014,1448.116943,1408.848999,1410.715942,1373.246948,1404.102051,1407.969971,1406.500977,1366.516968,1418.334961,1364.782959,1437.860962,1407.57605,1403.594971,1413.687988,1498.383057,1446.759033,1554.045044,1594.22998,1602.074951,1593.456055,1689.765991,1681.150024,1720.968994,1805.532959,1840.737061,1889.746948,1915.347046,1967.703003,1961.645996,2034.714966,2087.413086,2084.794922,2156.014893,2143.318115,2192.309082,2147.825928,2159.121094,2105.993896,2030.890015,1982.969971,2020.342041,2002.051025,1971.902954,2032.915039,2037.444946,2066.310059,2025.39502,2069.23291,2057.243896,2046.764038,2038.18396,2027.68103,2068.446045,2047.828979,2069.093994,2130.860107,2073.225098,2150.084961,2197.254883,2212.822998,2229.758057,2186.720947,2196.071045,2226.547119,2197.52002,2174.906006,2082.625,2104.500977,2105.462891,2102.580078,2082.958008,2061.393066,2037.733032,2065.866943,2011.078003,1926.511963,1944.338989,1903.390015,1891.994995,1784.557007,1702.439941,1689.251953,1697.628052,1646.845947,1688.800049,1650.285034,1684.88501,1834.83049,2229.758057,1364.782959,4,11,13,12
2002/12/6,1625.31604,1606.755981,1645.936035,1614.350952,1602.724976,1550.555054,1561.791992,1585.64502,1524.978027,1548.053955,1546.85498,1550.131958,1499.067017,1531.185059,1557.286987,1553.900024,1519.737061,1540.634033,1528.994995,1569.713989,1535.357056,1553.155029,1528.64502,1577.031982,1605.765015,1591.072998,1704.416016,1697.55896,1717.222046,1712.037964,1728.709961,1841.965942,1847.213013,1927.331055,2029.842041,2012.751953,2100.125,2115.834961,2081.666992,2157.418945,2141.269043,2222.927979,2206.047119,2276.01001,2303.460938,2257.945068,2203.344971,2114.726074,2105.375,2045.057007,2116.75,2124.851074,2090.168945,2193.310059,2124.624023,2192.0979,2167.340088,2115.511963,2178.211914,2158.464111,2174.585938,2151.146973,2129.14209,2177.737061,2154.495117,2208.071045,2229.986084,2312.063965,2283.325928,2336.051025,2293.150879,2283.841064,2240.933105,2230.052002,2186.25293,2168.009033,2145.335938,2098.228027,2127.378906,2141.975098,2073.547119,2093.375977,2030.165039,2092.416016,2073.344971,2003.92395,2003.17395,1954.331055,1900.355957,1819.490967,1808.579956,1744.073975,1749.574951,1702.72998,1603.119019,1597.771973,1926.957984,2336.051025,1499.067017,5,6,10,8
2002/12/7,1528.162964,1537.16394,1508.948975,1532.81897,1473.927979,1418.883057,1507.732056,1394.290039,1465.48999,1442.108032,1432.667969,1493.45105,1377.807007,1423.517944,1384.730957,1426.833008,1438.017944,1374.390991,1418.755005,1400.771973,1401.797974,1438.662964,1391.987061,1445.255005,1465.100952,1501.142944,1487.958984,1477.027954,1545.074951,1524.39502,1553.004028,1648.295044,1649.290039,1775.401001,1834.234985,1879.328979,1912.475952,1920.421021,1969.484009,2037.459961,2034.675049,2067.956055,2130.907959,2094.386963,2169.407959,2132.574951,2100.773926,2041.81604,1946.472046,1976.014038,1926.803955,1992.53894,1953.737061,2009.141968,2020.828003,2016.162964,1963.150024,2061.647949,2042.800049,2026.604004,1985.088013,2043.015015,2083.681885,2064.457031,2048.177979,2050.939941,2142.199951,2161.281006,2259.907959,2204.356934,2246.638916,2232.542969,2192.531006,2180.522949,2167.99707,2142.275879,2147.930908,2145.124023,2132.335938,2126.593994,2138.452881,2130.98999,2017.463013,2075.239014,2073.697998,2011.652954,1932.753052,1932.779053,1864.619019,1866.536011,1802.328979,1757.906982,1728.072998,1684.25,1654.376953,1563.967041,1828.534936,2259.907959,1374.390991,6,-1,6,2.5
2002/12/8,1574.987061,1555.647949,1563.824951,1468.630005,1508.212036,1492.720947,1493.92395,1455.552002,1481.277954,1453.092041,1423.030029,1423.784058,1433.281006,1415.967041,1342.14502,1429.459961,1433.874023,1443.58606,1394.524048,1433.332031,1479.30896,1456.244995,1418.404053,1440.061035,1455.130005,1499.495972,1469.230957,1524.207031,1552.373047,1594.515015,1620.668945,1645.319946,1701.134033,1751.646973,1758.880981,1809.467041,1830.829956,1863.08606,1889.198975,1934.657959,1942.732056,2004.660034,2024.432983,2113.349121,2117.739014,2123.306885,2063.25,2033.697998,1958.926025,1992.052002,1944.517944,1913.088013,1962.640015,2005.209961,1998.899048,1926.952026,1974.541016,1978.313965,1957.662964,1918.154053,1960.501953,1962.516968,1926.583008,2001.020996,1991.166016,1997.994995,2096.506104,2102.601074,2197.214111,2181.281006,2279.374023,2299.61499,2233.256104,2235.462891,2238.089111,2216.915039,2195.093018,2200.937988,2184.774902,2196.236084,2147.907959,2138.646973,2140.791992,2101.990967,2106.687012,2069.322021,2019.661011,2036.844971,1955.819946,1866.386963,1761.988037,1785.082031,1668.802002,1686.256958,1665.605957,1623.217041,1826.468661,2299.61499,1342.14502,7,-2,6,2
2002/12/9,1580.005981,1523.761963,1562.321045,1511.552002,1545.123047,1452.995972,1493.660034,1498.107056,1423.624023,1420.963989,1400.102051,1421.473999,1420.790039,1462.291992,1415.948975,1464.36499,1441.041992,1401.204956,1461.355957,1419.865967,1477.801025,1487.285034,1488.131958,1490.896973,1554.723999,1558.550049,1657.287964,1686.593018,1713.735962,1669.531006,1782.682983,1827.188965,1900.457031,1989.036011,2133.851074,2167.875977,2224.792969,2265.47998,2298.854004,2346.314941,2376.854004,2415.465088,2430.810059,2438.254883,2477.268066,2419.717041,2341.023926,2272.461914,2194.766113,2218.156006,2202.964111,2196.917969,2238.166992,2273.516113,2286.332031,2195.508057,2296.14502,2266.864014,2243.031006,2214.75708,2268.241943,2260.136963,2249.538086,2271.408936,2313.425049,2293.846924,2314.137939,2326.981934,2351.961914,2350.478027,2422.519043,2422.535889,2380.499023,2327.637939,2360.660889,2331.071045,2336.486084,2303.677002,2372.635986,2345.626953,2318.325928,2274.718994,2270.26709,2267.156982,2190.501953,2260.180908,2152.280029,2124.095947,2072.049072,1964.493042,1935.452026,1900.616943,1831.553955,1781.837036,1718.004028,1722.624023,1994.0445,2477.268066,1400.102051,1,-3,5,1
2002/12/10,1649.640015,1649.767944,1616.259033,1630.333984,1610.139038,1615.647949,1529.040039,1584.687988,1506.92395,1552.448975,1526.506958,1582.682007,1570.5,1585.96106,1523.025024,1519.899048,1507.161987,1470.338989,1476.358032,1528.453979,1479.027954,1544.770996,1547.843018,1564.047974,1557.219971,1658.000977,1681.901001,1731.371948,1711.410034,1752.390015,1801.725952,1874.053955,1928.807983,2068.76709,2157.711914,2200.625977,2250.621094,2215.553955,2283.809082,2311.051025,2323.974121,2319.650879,2348.395996,2367.830078,2371.062012,2381.768066,2268.501953,2236.52002,2176.949951,2184.208984,2125.194092,2202.2229,2212.174072,2203.241943,2234.333008,2244.103027,2232.139893,2232.974121,2218.5,2218.218018,2171.160889,2215.561035,2240.031006,2244.362061,2240.75708,2259.681885,2288.711914,2291.952881,2321.331055,2375.093994,2429.149902,2367.548096,2394.583984,2308.844971,2331.179932,2328.689941,2340.160889,2362.876953,2330.749023,2354.083008,2293.746094,2281.883057,2231.437988,2259.843018,2241.996094,2210.211914,2146.137939,2058.110107,2051.268066,1981.598999,1912.546021,1885.302002,1822.996948,1770.791992,1703.282959,1680.187988,2004.023987,2429.149902,1470.338989,2,-2,6,2
2002/12/11,1667.026001,1663.776978,1570.029053,1618.333008,1577.76001,1536.563965,1560.959961,1557.93396,1552.130005,1525.265991,1469.597046,1516.225952,1503.124023,1483.020996,1456.832031,1513.199951,1502.640991,1439.079956,1503.843018,1447.083984,1525.780029,1543.287964,1493.567993,1581.328003,1541.662964,1643.708984,1694.112061,1695.067993,1735.723999,1764.479004,1766.503052,1827.369019,1915.454956,2087.547119,2118.043945,2193.698975,2237.458008,2266.543945,2227.038086,2279.593994,2313.521973,2329.540039,2369.425049,2363.585938,2356.416016,2340.981934,2289.325928,2214.074951,2172.008057,2179.993896,2156.313965,2201.041992,2203.091064,2181.85791,2196.444092,2210.325928,2235.38208,2205.560059,2234.256104,2184.181885,2197.214111,2221.306885,2241.979004,2255.672119,2222.261963,2271.754883,2323.871094,2364.193115,2336.967041,2356.113037,2428.321045,2388.98291,2305.928955,2344.047119,2284.068115,2340.218018,2292.386963,2319.0271,2294.587891,2325.333008,2291.737061,2285.476074,2277.193115,2226.794922,2215.822998,2184.436035,2147.343018,2022.125977,2014.254028,1964.171997,1933.600952,1804.516968,1822.860962,1718.353027,1725.629028,1697.519043,1991.518702,2428.321045,1439.079956,3,0,8,4
2002/12/12,1602.990967,1544.859009,1585.989014,1538.910034,1539.243042,1508.702026,1523.228027,1467.156982,1422.33606,1497.656982,1457.397949,1459.646973,1426.282959,1510.290039,1438.857056,1491.767944,1497.329956,1504.01001,1463.91394,1476.759033,1451.435059,1514.776001,1518.72998,1516.857056,1549.541016,1618.994995,1655.572998,1727.31897,1731.406982,1765.671997,1795.769043,1831.670044,1959.879028,2057.039063,2139.448975,2193.379883,2177.016113,2252.141113,2219.98291,2293.552002,2310.743896,2284.010986,2306.13501,2379.768066,2332.378906,2353.24292,2246.48291,2133.274902,2125.215088,2069.666992,2111.462891,2090.593018,2153.211914,2195.445068,2191.5979,2188.433105,2196.090088,2182.948975,2189.312988,2163.051025,2133.49292,2183.320068,2173.576904,2164.629883,2162.707031,2174.612061,2218.949951,2242.35498,2306.878906,2348.914063,2398.555908,2333.724121,2331.77002,2336.812012,2329.879883,2330.404053,2304.979004,2270.157959,2328.665039,2289.715088,2244.991943,2277.542969,2208.714111,2213.566895,2195.952881,2169.823975,2071.084961,2074.858887,1976.454956,1953.651001,1850.241943,1798.371948,1809.547974,1715.281006,1685.376953,1703.083008,1962.950241,2398.555908,1422.33606,4,1,10,5.5
2002/12/13,1642.849976,1605.343018,1601.729004,1595.635986,1565.428955,1511.937012,1493.150024,1545.187012,1533.147949,1443.958008,1443.696045,1452.984009,1483.946045,1501.69397,1414.362061,1454.036987,1485.115967,1471.119995,1493.21106,1488.107056,1435.911011,1507.677002,1530.657959,1547.334961,1585.624023,1564.105957,1694.563965,1718.142944,1682.116943,1701.237061,1739.223999,1811.255005,1952.363037,2015.399048,2111.315918,2175.919922,2221.173096,2194.02002,2260.802979,2283.186035,2308.204102,2273.783936,2292.86499,2314.584961,2377.839111,2289.943115,2205.072998,2154.176025,2069.398926,2128.547119,2070.707031,2156.413086,2179.297119,2171.769043,2180.729004,2187.085938,2139.167969,2158.275879,2155.586914,2155.826904,2066.608887,2112.342041,2138.564941,2091.726074,2167.986084,2132.306885,2184.165039,2219.541992,2233.516113,2267.043945,2305.893066,2304.35498,2300.739014,2275.962891,2271.439941,2266.739014,2279.560059,2280.2771,2278.545898,2235.445068,2253.689941,2190.343018,2237.656006,2202.066895,2171.998047,2171.041992,2096.407959,2091.220947,2030.765015,1973.629028,1934.842041,1884.243042,1844.526978,1784.047974,1678.212036,1700.152954,1954.016126,2377.839111,1414.362061,5,-1,10,4.5
2002/12/14,1652.36499,1611.396973,1612.610962,1556.755981,1506.498047,1550.188965,1476.061035,1470.907959,1519.899048,1446.917969,1493.532959,1408.129028,1412.915039,1452.223999,1473.707031,1487.457031,1504.279053,1505.942993,1481.937988,1447.463989,1501.258057,1450.848999,1515.777954,1536.495972,1538.369019,1556.46106,1624.373047,1582.380981,1615.968018,1656.536011,1644.391968,1754.151978,1754.633057,1846.045044,1922.741943,1950.493042,1993.505005,1944.514038,2028.850952,1984.871948,2077.889893,2021.855957,2099.600098,2108.523926,2109.861084,2120.833008,2029.43103,1953.524048,1903.540039,1949.171021,1890.272949,1905.152954,1954.524048,1921.91394,1971.124023,1960.249023,1973.553955,1953.354004,1928.937012,1967.982056,1961.970947,1952.192017,1968.525024,1984.39502,1971.311035,2016.745972,2053.949951,2107.638916,2147.88208,2164.083008,2272.035889,2245.383057,2224.874023,2158.60791,2183.915039,2133.702881,2205.163086,2132.391113,2187.037109,2124.790039,2159.134033,2104.678955,2076.748047,2118.35498,2056.325928,2063.625,2040.262939,2005.442993,1906.939941,1894.142944,1865.192017,1833.118042,1713.152954,1719.592041,1677.45105,1658.572021,1847.546679,2272.035889,1408.129028,6,1,12,6.5
2002/12/15,1602.366943,1591.38501,1561.881958,1506.35498,1508.787964,1498.829956,1416.109985,1467.685059,1462.113037,1452.109985,1425.296997,1405.584961,1433.244995,1408.94104,1455.635986,1407.389038,1394.435059,1413.506958,1464.833008,1448.199951,1469.418945,1445.265015,1426.276001,1481.869995,1489.177002,1518.227051,1482.833984,1535.254028,1498.802979,1547.859009,1567.098999,1651.134033,1656.936035,1706.761963,1734.350952,1827.000977,1815.979004,1837.322021,1873.232056,1944.026001,1909.034058,1966.520996,1961.761963,1972.866943,1972.661987,2010.560059,1951.930054,1912.019043,1898.897949,1877.63501,1870.339966,1902.984009,1912.536011,1870.409058,1928.848999,1931.85498,1907.834961,1867.998047,1910.253052,1895.842041,1892.946045,1911.107056,1897.311035,1883.762939,1857.128052,1930.491943,1984.109009,2035.358032,2100.39209,2097.080078,2186.610107,2169.439941,2149.239014,2130.023926,2110.353027,2124.981934,2126.552002,2120.029053,2065.554932,2094.945068,2101.797119,2038.448975,2090.014893,2034.343994,2020.514038,2009.344971,1951.541016,1869.574951,1856.998047,1817.234009,1750.350952,1683.099976,1697.359985,1627.286987,1604.812988,1562.957031,1779.681285,2186.610107,1394.435059,7,6,12,9
2002/12/16,1526.230957,1488.831055,1518.126953,1467.272949,1473.19397,1476.078979,1435.239014,1440.644043,1430.838013,1443.939941,1427.343018,1417.837036,1415.405029,1437.390015,1418.70105,1374.161987,1432.692017,1406.266968,1412.92395,1438.563965,1466.571045,1492.188965,1474.567993,1445.890015,1525.031982,1604.508057,1582.072998,1672.774048,1623.234985,1700.79895,1764.303955,1815.926025,1928.349976,2016.594971,2038.884033,2105.458008,2189.055908,2194.721924,2252.39209,2293.584961,2225.735107,2325.634033,2373.0979,2356.193115,2409.635986,2353.331055,2350.764893,2302.983887,2211.022949,2178.573975,2202.812012,2199.35498,2262.312988,2284.791992,2303.775879,2287.120117,2296.264893,2227.437988,2216.960938,2254.840088,2221.855957,2294.329102,2232.4729,2301.073975,2295.785889,2291.75,2284.63501,2364.238037,2374.305908,2366.749023,2382.615967,2401.27002,2411.884033,2301.412109,2292.381104,2259.89502,2270.207031,2335.253906,2321.825928,2287.302002,2221.440918,2261.586914,2190.697021,2221.51001,2192.093018,2169.077881,2095.226074,2015.016968,1965.662964,1960.688965,1883.078979,1833,1734.949951,1754.185059,1705.802979,1624.083984,1966.776887,2411.884033,1374.161987,1,6,13,9.5
2002/12/17,1604.975952,1612.689941,1549.996948,1534.965942,1575.874023,1490.051025,1536.915039,1481.046997,1507.145996,1491.81604,1459.234009,1441.708008,1433.796021,1503.718994,1502.515015,1478.025024,1485.839966,1473.107056,1518.041016,1463.397949,1527.213989,1542.687012,1502.739014,1497.890991,1529.583008,1645.409058,1674.093018,1726.588989,1733.649048,1759.55896,1830.672974,1818.417969,1970.525024,2080.138916,2171.501953,2154.770996,2245.513916,2297.040039,2306.999023,2323.137939,2317.163086,2402.75708,2443.965088,2466.302002,2475.441895,2447.476074,2363.89502,2323.964111,2250.947021,2272.054932,2256.393066,2298.665039,2288.558105,2291.224121,2297.730957,2285.537109,2291.699951,2337.427002,2335.702881,2302.667969,2339.006104,2317.468994,2381.592041,2404.174072,2327.269043,2404.467041,2419.3479,2416.543945,2470.356934,2474.958984,2483.200928,2427.11792,2398.948975,2386.236084,2345.531982,2381.718994,2336.0979,2366.501953,2333.672119,2276.144043,2308.87793,2217.719971,2192.105957,2166.858887,2228.623047,2148.554932,2148.809082,2031.046021,1984.807007,1961.833984,1893.942993,1839.713989,1771.267944,1767.171997,1672.876953,1706.534058,2020.454854,2483.200928,1433.796021,2,2,8,5
2002/12/18,1609.552979,1621.125,1597.805054,1533.166992,1555.364014,1493.715942,1525.332031,1513.73999,1518.706055,1465.588989,1476.417969,1486.369019,1430.500977,1486.29895,1498.397949,1441.154053,1465.878052,1470.644043,1510.553955,1437.218994,1493.69104,1500.480957,1473.629028,1568.91394,1564.510986,1632.499023,1609.956055,1685.083008,1698.571045,1717.087036,1739.021973,1755.647949,1882.748047,2042.156006,2113.294922,2165.13501,2172.410889,2218.552002,2261.178955,2346.668945,2323.483887,2385.983887,2414.331055,2428.775879,2453.474121,2452.490967,2355.50708,2266.179932,2233.649902,2214.149902,2220.86792,2251.561035,2224.447998,2244.941895,2259.48999,2230.915039,2230.727051,2216.543945,2223.166016,2258.993896,2262.648926,2272.589111,2227.795898,2262.198975,2262.231934,2293.187012,2321.458984,2347.330078,2386.215088,2361.999023,2340.98291,2311.533936,2277.990967,2250.874023,2265.041016,2261.750977,2232.730957,2219.60498,2206.926025,2199.336914,2214.748047,2159.571045,2166.614014,2105.951904,2104.143066,2050.726074,2030.14502,1977.352051,1925.072021,1833.786987,1797.758057,1728.329956,1695.453979,1654.667969,1586.869995,1562.702026,1966.945512,2453.474121,1430.500977,3,4,6,5
2002/12/19,1526.772949,1546.786011,1492.352051,1468.604004,1480.485962,1412.457031,1428.737061,1394.474976,1394.784058,1381.822998,1371.322998,1379.66394,1355.772949,1403.659058,1378.680054,1365.120972,1361.78894,1385.802979,1389.655029,1406.88501,1365.814941,1382.144043,1398.86499,1414.906982,1436.52002,1487.04895,1524.718994,1566.911011,1617.51001,1565.823975,1583.890991,1630.734985,1753.807007,1931.963989,2002.009033,2091.218018,2101.404053,2140.060059,2171.37793,2198.818115,2214.637939,2250.5,2175.028076,2298.780029,2310.712891,2289.780029,2225.476074,2152.660889,2110.156982,2082.237061,2095.343994,2118.230957,2165.275879,2135.194092,2144.258057,2157.75,2147.321045,2135.862061,2149.179932,2136.335938,2101.849121,2137.143066,2126.464111,2133.797119,2163.927002,2152.427979,2156.129883,2176.686035,2224.5979,2282.355957,2288.188965,2280.27002,2245.664063,2232.886963,2217.399902,2225.836914,2268.094971,2280.638916,2222.485107,2243.169922,2189.697998,2227.756104,2224.115967,2169.206055,2210.311035,2146.373047,2068.115967,2076.717041,2020.368042,1938.219971,1889.052979,1828.600952,1726.490967,1738.659058,1680.954956,1638.85498,1897.077168,2310.712891,1355.772949,4,4,7,5.5
2002/12/20,1588.704956,1561.380981,1521.646973,1487.347046,1482.633057,1439.508057,1436.764038,1413.715942,1451.714966,1417.402954,1445.130005,1442.339966,1444.103027,1392.499023,1422.912964,1413.81897,1393.162964,1438.020996,1395.343018,1421.057007,1439.583984,1476.405029,1472.962036,1482.296997,1521.612061,1602.338013,1570.154053,1614.198975,1638.594971,1687.53894,1738.786987,1790.729004,1895.640991,1992.838989,2078.843018,2116.465088,2192.441895,2200.273926,2206.251953,2299.126953,2341.478027,2336.987061,2365.866943,2423.041016,2406.375,2402.721924,2350.360107,2291.718994,2190.495117,2225.849121,2249.951904,2236.851074,2176.738037,2204.061035,2263.022949,2263.282959,2272.745117,2235.735107,2267.792969,2214.186035,2261.655029,2240.106934,2262.591064,2224.937012,2286.48291,2304.006104,2341.053955,2304.989014,2362.864014,2383.668945,2314.523926,2329.297119,2294.145996,2277.031006,2248.888916,2251.600098,2255.918945,2225.118896,2212.621094,2223.983887,2230.447998,2156.062988,2180.13501,2154.696045,2129.406982,2088.606934,2086.894043,1998.036987,2006.880981,1900.985962,1928.588989,1838.125,1729.024048,1730.345947,1713.10498,1687.156006,1957.39099,2423.041016,1392.499023,5,6,9,7.5
2002/12/21,1628.874023,1615.022949,1615.713013,1565.82605,1554.796997,1532.781006,1543.187012,1517.996948,1477.624023,1525.764038,1529.508057,1483.968018,1483.54895,1491.468018,1457.421997,1466.53894,1421.295044,1411.083008,1408.572998,1458.645996,1418.23999,1441.937988,1466.718018,1442.694946,1514.474976,1493.217041,1500.786987,1547.521973,1570.150024,1598.093994,1637.368042,1679.707031,1709.85498,1810.057007,1823.258057,1946.284058,1929.125977,2027.105957,2039.267944,2033.197021,2107.641113,2097.604004,2169.636963,2178.210938,2240.861084,2218.558105,2190.028076,2148.478027,2038.208008,2001.753052,2000.012939,1993.983032,2060.599121,2013.793945,2084.450928,2065.61499,2029.995972,2075.48291,2068.395996,2035.635986,2034.765015,1996.651978,1999.395996,2051.589111,2071.427979,2095.934082,2070.089111,2116.85791,2213.811035,2213.054932,2230.116943,2222.35498,2217.374023,2241.702881,2229.809082,2119.541992,2166.150879,2163.48999,2173.575928,2131.727051,2159.871094,2098.886963,2091.01001,2144.974121,2061.873047,2119.256104,2046.889038,2045.06897,1935.197998,1944.11499,1825.649048,1821.104004,1771.23999,1682.719971,1647.376953,1692.694946,1869.635338,2241.702881,1408.572998,6,8,10,9
2002/12/22,1666.589966,1640.188965,1584.511963,1553.157959,1462.390991,1498.225952,1506.399048,1492.125,1432.311035,1434.962036,1394.916992,1425.626953,1433.526978,1410.177979,1461.677002,1413.843018,1430.061035,1484.39502,1425.590942,1462.207031,1415.296997,1434.776978,1479.244995,1417.750977,1504.938965,1515.709961,1464.432983,1485.740967,1549.432983,1571.014038,1546.583984,1598.131958,1705.042969,1731.43396,1770.152954,1826.807983,1811.500977,1904.916016,1895.269043,1966.894043,1983.225952,1995.530029,2062.928955,2068.137939,2094.897949,2054.769043,2042.271973,1984.401001,1902.19397,1928.932007,1918.833008,1936.824951,1901.159058,1922.376953,1959.267944,1953.052002,1926.343018,1971.269043,1959.177979,1949.444946,1942.610962,1963.21106,1984.410034,1939.560059,1993.014038,2028.875,2025.781982,2030.405029,2135.996094,2184.829102,2223.27002,2218.00293,2171.014893,2138.319092,2162.280029,2112.800049,2121.64502,2129.103027,2120.400879,2175.898926,2141.041992,2091.332031,2047.472046,2026.912964,2067.034912,2016.391968,2024.532959,1932.682007,1890.404053,1851.793945,1785.025024,1743.958984,1691.015015,1655.813965,1588.874023,1553.305054,1808.666838,2223.27002,1394.916992,7,7,9,8
2002/12/23,1517.223022,1475.342041,1535.446045,1445,1467.405029,1442.574951,1410.702026,1373.277954,1431.928955,1426.469971,1447.406982,1397.790039,1436.92395,1400.374023,1452.394043,1443.990967,1460.275024,1375.302979,1469.053955,1432.921997,1460.104004,1409.292969,1518.662964,1468.285034,1538.359985,1534.378052,1603.468018,1585.748047,1625.072998,1718.979004,1708.495972,1832.362061,1881.312012,2045.704956,2095.420898,2188.35791,2287.417969,2306.409912,2279.356934,2339.665039,2382.035889,2439.749023,2477.129883,2525.514893,2521.780029,2513.629883,2418.416016,2344.465088,2335.933105,2319.9729,2340.514893,2306.055908,2324.883057,2305.843018,2371.26709,2361.085938,2313.374023,2362.083008,2332.580078,2365.824951,2380.023926,2371.947021,2394.834961,2349.068115,2365.637939,2404.093994,2374.733887,2415.426025,2399.543945,2454.433105,2437.477051,2412.885986,2383.489014,2337.434082,2354.547119,2322.342041,2351.659912,2334.281982,2294.298096,2297.920898,2346.717041,2307.137939,2272.470947,2212.383057,2223.879883,2207.123047,2104.053955,2110.625,2039.270996,1987.381958,1965.357056,1863.456055,1838.088989,1743.319946,1759.307983,1724.578003,2011.166962,2525.514893,1373.277954,1,1,7,4
2002/12/24,1640.605957,1596.416992,1561.515015,1582.442993,1572.980957,1538.342041,1524.040039,1519.343018,1456.918945,1509.334961,1442.447998,1469.954956,1443.482056,1506.410034,1480.95105,1528.171997,1510.985962,1486.75,1438.343018,1525.598022,1524.459961,1491.432983,1565.493042,1576.79895,1517.619019,1619.270996,1621.703003,1687.241943,1720.973999,1697.506958,1764.833984,1809.286987,1925.047974,2058.163086,2228.318115,2185.9729,2289.700928,2287.236084,2393.626953,2413.481934,2383.840088,2430.149902,2413.878906,2474.743896,2448.26709,2481.287109,2427.289063,2363.447021,2338.457031,2305.493896,2334.575928,2305.167969,2322.447021,2362.76709,2325.256104,2340.626953,2354.6521,2359.047119,2317.116943,2328.584961,2291.444092,2282.199951,2326.085938,2313.322998,2367.889893,2341.39502,2407.3479,2380.690918,2406.337891,2431.759033,2429.593018,2403.389893,2410.212891,2395.716064,2332.147949,2369.754883,2330.131104,2382.0979,2393.801025,2409.687988,2326.766113,2315.009033,2329.960938,2323.125,2226.25,2192.191895,2139.933105,2137.39209,2047.46106,2023.713013,1979.05896,1915.509033,1843.084961,1800.613037,1810.686035,1690.95105,2037.885559,2481.287109,1438.343018,2,-1,4,1.5
2002/12/25,1712.267944,1695.130005,1682.712036,1595.994019,1601.880005,1599.490967,1581.358032,1552.447021,1556.047974,1551.892944,1493.207031,1463.869995,1529.223022,1541.277954,1520.350952,1524.364014,1455.333984,1538.209961,1529.810059,1522.89502,1500.633057,1540.592041,1508.474976,1545.333008,1597.180054,1671.322998,1687.29895,1707.807007,1796.243042,1820.44397,1842.930054,1919.655029,2011.224976,2157.439941,2274.520996,2330.551025,2329.564941,2375.875,2391.916992,2437.217041,2408.060059,2452.354004,2468.5979,2490.61792,2524.945068,2551.611084,2437.160889,2462.531982,2409.843018,2350.409912,2412.120117,2393.289063,2459.333008,2440.091064,2424.947998,2410.186035,2416.990967,2443.638916,2395.728027,2413.686035,2406.672119,2440.38501,2413.052979,2463.495117,2428.906982,2421.295898,2435.538086,2493.861084,2522.719971,2500.375977,2578.047119,2541.989014,2561.408936,2538.178955,2544.353027,2553,2552.719971,2498.793945,2542.211914,2550.468994,2543.055908,2506.914063,2480.958008,2457.095947,2345.535889,2344.904053,2262.035889,2202.846924,2114.167969,2084.206055,2050.413086,1987.755005,1872.771973,1892.375977,1810.089966,1778.188965,2116.467936,2578.047119,1455.333984,3,-2,2,0
2002/12/26,1754.657959,1713.305054,1708.993042,1687.574951,1645.249023,1624.80603,1575.987061,1550.531982,1560.505005,1580.897949,1556.965942,1548.149048,1491.526978,1539.839966,1548.43103,1572.412964,1582.732056,1496.031982,1562.29895,1607.366943,1532.295044,1570.145996,1604.741943,1621.142944,1595.178955,1664.389038,1743.170044,1768.447021,1757.567993,1841.753052,1880.140015,1801.668945,1931.265991,2004.652954,2176.083984,2263.291016,2315.73999,2349.791992,2444.248047,2422.950928,2428.14209,2498.689941,2411.964111,2466.614014,2435.631104,2417.875977,2337.98999,2311.861084,2285.311035,2281.304932,2240.26001,2239.985107,2247.570068,2269.083008,2308.568115,2328.049072,2320.103027,2310.580078,2304.89502,2314.496094,2309.249023,2336.37207,2331.983887,2328.791016,2344.212891,2365.710938,2368.912109,2406.283936,2442.956055,2484.00293,2511.931885,2484.459961,2482.883057,2442.339111,2448.032959,2450.080078,2464.787109,2489.299072,2499.341064,2455.043945,2427.8479,2410.299072,2430.258057,2389.176025,2350.040039,2303.678955,2258.897949,2166.983887,2096.274902,2019.916992,1957.651978,1876.292969,1816.114014,1778.640015,1733.209961,1691.390991,2074.054693,2511.931885,1491.526978,4,-5,2,-1.5
2002/12/27,1655.359985,1629.436035,1608.401001,1592.563965,1590.901001,1564.92395,1550.032959,1559.449951,1537.831055,1528.459961,1506.467041,1507.150024,1509.270996,1477.496948,1499.95105,1529.918945,1555.503052,1546.105957,1548.322998,1495.218018,1498.405029,1555.603027,1515.917969,1600.083008,1563.797974,1653.501953,1701.505005,1728.980957,1779.756958,1786.60498,1798.505981,1755.874023,1906.144043,2135.468018,2203.918945,2279.825928,2265.5,2321.366943,2372.959961,2355.937988,2403.830078,2425.438965,2356.545898,2391.76001,2405.7771,2399.86499,2276.645996,2246.025879,2186.228027,2129.63501,2103.073975,2188.336914,2272.645996,2300.125,2274.875,2328.543945,2327.086914,2264.75293,2311.633057,2321.625977,2319.721924,2317.049072,2339.903076,2338.815918,2299.040039,2363.031006,2378.7229,2436.427002,2427.531982,2511.025879,2543.793945,2551.784912,2518.926025,2509.455078,2506.613037,2464.844971,2522.139893,2554.821045,2523.968018,2541.679932,2509.939941,2495.523926,2440.573975,2450.300049,2365.571045,2386.922119,2343.36499,2308.090088,2195.292969,2190.031006,2108.37793,2014.344971,1972.051025,1947.555054,1876.811035,1858.595947,2074.161635,2554.821045,1477.496948,5,-4,2,-1
2002/12/28,1658.484204,1635.900171,1614.254004,1577.091211,1552.527417,1558.493774,1538.710205,1526.582568,1511.588428,1510.462207,1516.221216,1473.161816,1486.500976,1496.673609,1480.601416,1489.295971,1482.638233,1472.897998,1474.238989,1485.528003,1464.782422,1480.162207,1502.979199,1522.857568,1531.237989,1558.055029,1593.688403,1597.096167,1638.105395,1654.83479,1680.486011,1723.224414,1772.339624,1893.701416,1944.169995,2024.481616,2022.316187,2081.651782,2121.047143,2120.14519,2166.726416,2169.854004,2206.375391,2219.777149,2253.121289,2252.964062,2184.908227,2138.091382,2052.915234,2039.34104,2018.977344,2043.661597,2098.432837,2080.428784,2105.071387,2115.762793,2106.590967,2104.565772,2112.576611,2104.457788,2098.56958,2080.847388,2087.029223,2127.309619,2116.023389,2163.356226,2176.990625,2214.437939,2267.90664,2294.091748,2329.45332,2341.687402,2326.514599,2305.877734,2305.002832,2239.738184,2296.292969,2274.751025,2292.191992,2256.587402,2275.147217,2237.403174,2200.13501,2231.530664,2175.205029,2186.814258,2136.109424,2113.094214,2010.714795,1988.79978,1915.802417,1880.12561,1808.911792,1763.328418,1706.139209,1709.267578,1926.843786,2355.364356,1437.073193,6,-4,3,-0.5
2002/12/29,1726.947998,1708.621948,1618.832031,1604.484009,1555.644043,1611.793945,1581.083008,1566.561035,1544.963989,1525.405029,1522.089966,1482.593994,1543.220947,1570.71106,1514.505005,1496.026001,1510.81897,1490.275024,1523.787964,1567.666016,1487.769043,1510.483032,1549.764038,1592.31897,1525.072998,1593.878052,1640.98999,1579.074951,1654.501953,1634.844971,1684.796021,1746.682007,1781.21106,1866.880005,1947.672974,1999.520996,1994.323975,2088.166016,2124.888916,2193.521973,2136.629883,2206.76709,2236.457031,2242.179932,2268.246094,2307.006104,2238.407959,2193.950928,2098.39209,2114.393066,2101.513916,2136.852051,2143.795898,2152.51709,2110.456055,2158.791016,2172.322021,2153.756104,2185.520996,2161.408936,2141.625,2141.691895,2127.926025,2210.158936,2166.909912,2245.135986,2312.102051,2294.407959,2336.49707,2369.23999,2371.202881,2466.559082,2454.024902,2377.919922,2374.86792,2361.059082,2421.860107,2359.562988,2402.802979,2353.012939,2386.919922,2389.039063,2301.333008,2299.050049,2330.38208,2245.011963,2203.141113,2161.800049,2080.945068,1971.594971,1954.144043,1910.957031,1816.875,1784.055054,1681.680054,1643.780029,1973.239941,2466.559082,1482.593994,7,0,5,2.5
2002/12/30,1616.597046,1597.964966,1575.305054,1640.246948,1518.656006,1539.005981,1574.067993,1474.046021,1458.171997,1502.517944,1467.625,1477.097046,1463.876953,1533.136963,1514.81604,1504.13501,1486.546997,1487.671997,1502.796021,1453.935059,1459.843018,1507.541992,1497.671997,1516.688965,1582.060059,1579.831055,1655.880005,1743.522949,1702.843018,1754.870972,1758.725952,1880.838989,1956.307007,2050.801025,2165.853027,2196.313965,2260.14209,2252.912109,2310.792969,2350.406982,2378.11499,2372.785889,2379.169922,2432.456055,2398.297119,2426.945068,2318.008057,2290.131104,2226.577881,2180.697021,2225.634033,2249.011963,2205.439941,2271.905029,2267.445068,2252.26001,2246.697998,2216.861084,2242.768066,2250.905029,2222.985107,2210.327881,2269.616943,2247.788086,2242.73999,2290.750977,2289.022949,2284.043945,2305.195068,2395.282959,2386.928955,2429.673096,2450.025879,2423.225098,2460.153076,2418.295898,2427.808105,2455.917969,2430.601074,2442.318115,2403.601074,2433.197998,2371.667969,2346.053955,2271.201904,2227.021973,2197.851074,2218.323975,2106.14209,2076.306885,1949.870972,1924.900024,1832.972046,1770.629028,1752.261963,1777.932983,2022.362642,2460.153076,1453.935059,1,-1,7,3
2002/12/31,1712.494019,1715.307983,1652.781982,1637.63501,1575.043945,1549.333008,1570.154053,1503.889038,1533.828003,1580.003052,1486.098022,1541.376953,1485.641968,1497.720947,1477.219971,1514.672974,1496.63501,1557.642944,1560.180054,1508.005981,1546.077026,1572.46106,1536.755005,1607.472046,1636.686035,1693.858032,1731.562988,1713.026001,1707.027954,1737.390015,1758.989014,1911.81897,1952.012939,2113.599121,2244.376953,2281.576904,2262.280029,2305.409912,2397.51709,2410.11499,2400.849121,2377.009033,2404.708008,2468.413086,2479.809082,2448.311035,2450.324951,2314.861084,2322.165039,2242.870117,2235.987061,2293.457031,2339.270996,2330.712891,2315.658936,2320.926025,2281.235107,2270.333008,2293.633057,2308.870117,2314.913086,2314.712891,2288.728027,2335.871094,2236.702881,2326.466064,2295.591064,2355.833008,2331.7229,2384.968018,2418.606934,2415.423096,2417.300049,2436.302979,2425.0271,2381.639893,2378.143066,2378.909912,2433.375,2380.146973,2396.337891,2393.105957,2383.773926,2362.426025,2342.611084,2321.75,2233.674072,2222.36499,2147.97998,2119.024902,2019.765991,1963.001953,1961.36499,1842.474976,1851.5,1843.749023,2060.733037,2479.809082,1477.219971,2,-1,8,3.5
2003/1/1,1726.363037,1680.969971,1695.189941,1709.865967,1597.706055,1675.785034,1580.521973,1662.866943,1629.120972,1546.26001,1604.750977,1548.072998,1547.389038,1584.715942,1552.07605,1522.389038,1579.116943,1541.482056,1558.776978,1553.180054,1487.322021,1524.682007,1496.698975,1508.464966,1513.905029,1574.655029,1560.458008,1612.571045,1624.70105,1619.521973,1677.621948,1725.052002,1779.579956,1791.734009,1800.677979,1900.926025,1892.207031,1918.061035,1959.958008,1975.088013,1954.833008,1983.916992,2011.297974,2114.929932,2060.870117,2124.587891,2018.896973,2040.275024,2021.562012,1927.969971,1922.932983,1964.706055,1944.150024,1935.79895,1933.868042,1933.656982,1926.447021,1895.739014,1947.046997,1878.714966,1949.089966,1906.386963,1952.530029,1912.634033,1945.218994,1961.385986,1990.463989,2056.01709,2078.416992,2171.976074,2249.178955,2276.944092,2294.302002,2322.193115,2288.549072,2252.383057,2268.583984,2331.613037,2305.437012,2350.563965,2284.10498,2299.542969,2255.387939,2250.291016,2248.416992,2228.599121,2125.459961,2167.532959,2089.618896,2011.897949,1915.152954,1822.156982,1828.230957,1779.551025,1729.279053,1649.515991,1886.784325,2350.563965,1487.322021,3,-3,5,1
2003/1/2,1616.141968,1658.688965,1641.134033,1558.119019,1571.936035,1511.80896,1548.253052,1541.139038,1497.640015,1522.852051,1480.409058,1530.600952,1550.68396,1500.347046,1464.135986,1491.344971,1523.099976,1539.574951,1452.656006,1496.235962,1500.991943,1473.379028,1547.662964,1498.833984,1584.76001,1586.54895,1710.793945,1701.249023,1742.343018,1757.332031,1796.552002,1878.275024,1942.379028,2058.819092,2136.928955,2183.477051,2282.735107,2314.962891,2364.179932,2405.98291,2450.239014,2493.974121,2489.285889,2485.754883,2560.164063,2544.141113,2532.025879,2376.829102,2376.39209,2352.590088,2381.912109,2390.614014,2388.870117,2447.898926,2399.930908,2450.272949,2430.555908,2406.74707,2385.466064,2392.538086,2359.176025,2355.881104,2402.814941,2461.443115,2398.727051,2394.565918,2421.957031,2493.308105,2497.621094,2472.121094,2516.772949,2547.406006,2513.631104,2516.908936,2427.361084,2484.914063,2450.229004,2515.434082,2504.654053,2483.568115,2507.022949,2511.336914,2442.740967,2413.531982,2389.825928,2305.761963,2315.177002,2249.066895,2185.971924,2108.076904,2081.853027,1945.16394,1933.156982,1861.652954,1834.80603,1781.677979,2093.609484,2560.164063,1452.656006,4,0,4,2
2003/1/3,1710.194946,1710.097046,1653.128052,1687.100952,1622.406006,1600.46106,1554.084961,1596.564941,1523.302002,1491.838013,1478.661987,1475.717041,1520.285034,1587.868042,1489.979004,1554.605957,1520.347046,1524.527954,1557.05603,1500.52002,1566.55896,1525.797974,1522.07605,1549.514038,1587.708008,1664.19104,1724.892944,1760.926025,1783.062988,1797.302002,1807.602051,1958.972046,2054.673096,2205.612061,2275.528076,2331.293945,2318.988037,2406.208984,2447.903076,2483.154053,2530.938965,2511.674072,2547.4729,2566.861084,2604.423096,2564.64502,2480.36499,2425.074951,2344.437012,2324.535889,2397.147949,2376.135986,2401.926025,2351.575928,2445.762939,2366.103027,2371.410889,2401.323975,2362.75708,2405.736084,2432.946045,2428.662109,2442.701904,2441.894043,2405.363037,2413.579102,2447.044922,2466.812988,2520.799072,2573.979004,2544.10791,2609.785889,2620.779053,2608.346924,2590.029053,2562.351074,2584.681885,2594.410889,2606.896973,2589.741943,2627.790039,2541.98291,2556.834961,2514.946045,2488.9021,2459.87793,2372.52002,2388.556885,2326.375,2221.470947,2192.183105,2061.639893,1984.092041,1973.264038,1899.94104,1837.034058,2144.201502,2627.790039,1475.717041,5,-1,2,0.5
,,,,,,,,,,,,,,,,,,,,,,,,,,,,,,,,,,,,,,,,,,,,,,,,,,,,,,,,,,,,,,,,,,,,,,,,,,,,,,,,,,,,,,,,,,,,,,,,,,,,,,,
,,,,,,,,,,,,,,,,,,,,,,,,,,,,,,,,,,,,,,,,,,,,,,,,,,,,,,,,,,,,,,,,,,,,,,,,,,,,,,,,,,,,,,,,,,,,,,,,,,,,,,,
,,,,,,,,,,,,,,,,,,,,,,,,,,,,,,,,,,,,,,,,,,,,,,,,,,,,,,,,,,,,,,,,,,,,,,,,,,,,,,,,,,,,,,,,,,,,,,,,,,,,,,,
,,,,,,,,,,,,,,,,,,,,,,,,,,,,,,,,,,,,,,,,,,,,,,,,,,,,,,,,,,,,,,,,,,,,,,,,,,,,,,,,,,,,,,,,,,,,,,,,,,,,,,,
,,,,,,,,,,,,,,,,,,,,,,,,,,,,,,,,,,,,,,,,,,,,,,,,,,,,,,,,,,,,,,,,,,,,,,,,,,,,,,,,,,,,,,,,,,,,,,,,,,,,,,,
,,,,,,,,,,,,,,,,,,,,,,,,,,,,,,,,,,,,,,,,,,,,,,,,,,,,,,,,,,,,,,,,,,,,,,,,,,,,,,,,,,,,,,,,,,,,,,,,,,,,,,,
,,,,·,,,,,,,,,,,,,,,,,,,,,,,,,,,,,,,,,,,,,,,,,,,,,,,,,,,,,,,,,,,,,,,,,,,,,,,,,,,,,,,,,,,,,,,,,,,,,,,,,,,
